key,value
worryText,남자 친구가 뭔가 숨기는 것 같아요.
clue1,왼손 약지에 오래된 커플링.
clue2,핸드폰 잠금화면에 남자 친구와 찍은 커플 사진과 '내 생일 D-day2'가 보인다.
clue3,꽃다발에 '사랑해'라고 적힌 메모가 꽂혀 있다.
question1,남자 친구의 행동이 언제부터 달라졌나요?
question1_clue,일주일 정도 됐어요.
question2,곧 특별한 날이 있나요?
question2_clue,이틀 뒤가 제 생일이에요.
question3,직접 물어봤나요?
question3_clue,네. 조금만 기다려 달라고 하더라고요.
question4,누구에게 받은 꽃다발인가요?
question4_clue,남자 친구요. 종종 선물해 줘요.
reaction0,역시 그냥 남자 친구한테 물어보는 게 빠르겠어요.
reaction1,음… 제가 생각했던 거랑은 좀 다른 것 같아요.
reaction2,그럴 수도 있겠네요. 일단 남자 친구를 조금 더 지켜볼게요.
reaction3,조금 기다려보라고요? 음… 이상하게 마음이 놓이네요. 왠지 별일 아닐 것 같아요.
